﻿Designator,Footprint,Quantity,Value,LCSC Part #
BZ1,Buzzer_12x9.5RM7.6,1,Buzzer,
C1,1206,1,220nF,
"C10, C19, C20, C4, C6, C8",0603,6,100nF,
"C13, C14, C15, C16, C17, C18, C3",0603,7,1uF,
C2,1206,1,100nF,
"C5, C7, C9",1206,3,47uF,
D1,D_SOD-523,1,1N4148WT,
"D10, D6, D8",0603,3,LED-G,
"D11, D12, D5, D7, D9",0603,5,LED-R,
D2,0805,1,(NC),
D3,0603,1,LED-B,
D4,D_SMA,1,SMAJ14A,
F1,1812,1,1812L260/16MR,
J1,RPi_Pico_TH,1,22850120ANG1SYA01,
"J10, J11",JST_XH_B3B-XH-A_1x03_P2.50mm_Vertical,2,Conn_01x03,
J12,JST_XH_B6B-XH-A_1x06_P2.50mm_Vertical,1,Conn_01x06,
"J13, J4",JST_XH_B4B-XH-A_1x04_P2.50mm_Vertical,2,Conn_01x04,
"J14, J2, J3, J5, J6, J7, J8, J9",JST_XH_B2B-XH-A_1x02_P2.50mm_Vertical,8,Conn_01x02,
Q1,SQD50P0413L_T4GE3,1,SQD50P04-13L_T4GE3,
Q2,SOT-23,1,BSS138,
"R1, R20, R21, R22, R23, R24, R25, R28, R30, R34, R36, R38, R40, R5",0603,14,10k,
"R10, R11, R12, R13, R14, R26, R27, R29, R3, R31, R35, R37, R39, R41, R43, R44, R45, R46, R9",0603,19,0R,
"R15, R16, R17",0603,3,750R,
"R18, R19",0603,2,470R,
"R2, R32, R33",0603,3,1k,
R4,0603,1,2k,
"R42, R47, R6",0603,3,0R(NC),
"R7, R8",0603,2,4K7,
U1,TO-220-3_Horizontal_TabDown,1,LM340AT,
"U2, U3, U4",Texas_HTSOP-8-1EP_3.9x4.9mm_P1.27mm_EP2.95x4.9mm_Mask2.4x3.1mm_ThermalVias,3,DRV8872DDA,
"U5, U6",SOP-4_4.4x2.6mm_P1.27mm,2,ACPL-214-500E,
U7,SOIC-14_3.9x8.7mm_P1.27mm,1,74HC14,
U8,SOIC-8_3.9x4.9mm_P1.27mm,1,ADuM1281,
